Field of View,Cell ID,X,Y,Region,louvain,celltype,cellname,grid,spot
0,54,267.56,245.42,Cortex,25,Oligodendrocytes,0_54,1_1,1
0,70,152.2,367.61,Cortex,6,Excitatory neuron,0_70,1_2,2
0,73,228.45,471.04,Cortex,9,Excitatory neuron,0_73,1_2,2
0,84,238.72,602.18,Cortex,6,Excitatory neuron,0_84,1_3,3
6,42,254.13,660.79,Choroid Plexus,1,Endothelial,6_42,1_4,4
0,93,191.29,802.62,Cortex,6,Excitatory neuron,0_93,1_4,4
6,49,202.05,756.78,Choroid Plexus,1,Endothelial,6_49,1_4,4
4,91,258.56,955.12,Cortex,11,Excitatory neuron,4_91,1_5,5
0,98,266.0,875.11,Cortex,3,Excitatory neuron,0_98,1_5,5
2,74,257.98,941.94,Cortex,12,Excitatory neuron,2_74,1_5,5
5,89,197.86,841.12,SVZ,2,Endothelial,5_89,1_5,5
6,6,271.67,838.14,Choroid Plexus,1,Endothelial,6_6,1_5,5
3,59,271.68,1131.0,Cortex,5,Excitatory neuron,3_59,1_6,6
1,65,176.2,1138.3,Cortex,9,Excitatory neuron,1_65,1_6,6
4,92,230.15,1139.9,Cortex,5,Excitatory neuron,4_92,1_6,6
0,111,234.96,1152.6,Cortex,6,Excitatory neuron,0_111,1_6,6
0,109,280.75,1107.6,Cortex,3,Excitatory neuron,0_109,1_6,6
0,108,113.16,1090.7,Cortex,13,Excitatory neuron,0_108,1_6,6
1,62,247.23,1111.9,Cortex,9,Excitatory neuron,1_62,1_6,6
0,33,103.12,1244.6,Cortex,3,Excitatory neuron,0_33,1_7,7
0,31,241.57,1236.5,Cortex,3,Excitatory neuron,0_31,1_7,7
1,73,224.88,1256.6,Cortex,9,Excitatory neuron,1_73,1_7,7
2,78,174.8,1240.0,Cortex,18,Excitatory neuron,2_78,1_7,7
0,41,271.42,1493.4,Cortex,3,Excitatory neuron,0_41,1_8,8
2,82,212.18,1495.6,Cortex,12,Excitatory neuron,2_82,1_8,8
4,94,197.26,1435.4,Cortex,19,Astrocytes,4_94,1_8,8
0,46,228.25,1698.9,Cortex,20,Microglia,0_46,1_9,9
0,52,469.57,208.95,Cortex,3,Excitatory neuron,0_52,2_1,11
0,56,390.59,277.05,Cortex,13,Excitatory neuron,0_56,2_1,11
3,11,352.2,411.06,Cortex,5,Excitatory neuron,3_11,2_2,12
0,71,334.16,397.61,Cortex,6,Excitatory neuron,0_71,2_2,12
4,90,401.07,396.26,Cortex,10,Astrocytes,4_90,2_2,12
0,77,363.87,495.87,Cortex,6,Excitatory neuron,0_77,2_3,13
1,31,376.66,602.42,Cortex,19,Astrocytes,1_31,2_3,13
0,88,448.36,646.88,Cortex,9,Excitatory neuron,0_88,2_3,13
0,83,402.8,589.35,Cortex,6,Excitatory neuron,0_83,2_3,13
5,70,415.9,528.74,SVZ,7,Interneuron,5_70,2_3,13
2,67,420.87,649.9,Cortex,9,Excitatory neuron,2_67,2_3,13
6,37,454.92,576.67,Choroid Plexus,1,Endothelial,6_37,2_3,13
2,68,325.13,651.95,Cortex,23,Interneuron,2_68,2_3,13
3,21,432.99,647.71,Cortex,5,Excitatory neuron,3_21,2_3,13
6,39,324.02,594.87,Choroid Plexus,1,Endothelial,6_39,2_3,13
0,78,291.89,554.35,Cortex,20,Microglia,0_78,2_3,13
1,32,301.91,647.45,Cortex,6,Excitatory neuron,1_32,2_3,13
5,77,310.11,619.77,SVZ,10,Astrocytes,5_77,2_3,13
0,87,312.93,632.17,Cortex,2,Endothelial,0_87,2_3,13
3,38,469.33,821.01,Cortex,2,Endothelial,3_38,2_4,14
6,43,443.96,660.93,Choroid Plexus,1,Endothelial,6_43,2_4,14
5,88,289.1,830.86,SVZ,7,Interneuron,5_88,2_4,14
1,35,407.08,690.47,Cortex,9,Excitatory neuron,1_35,2_4,14
2,70,300.32,799.03,Cortex,8,Astrocytes,2_70,2_4,14
6,44,380.39,678.69,Choroid Plexus,1,Endothelial,6_44,2_4,14
0,91,370.94,707.28,Cortex,3,Excitatory neuron,0_91,2_4,14
3,29,366.31,731.25,Cortex,20,Microglia,3_29,2_4,14
5,156,465.62,790.69,SVZ,15,Interneuron,5_156,2_4,14
5,83,364.9,749.52,SVZ,7,Interneuron,5_83,2_4,14
6,47,323.03,729.66,Choroid Plexus,1,Endothelial,6_47,2_4,14
6,7,317.41,943.07,Choroid Plexus,1,Endothelial,6_7,2_5,15
5,172,427.64,893.97,SVZ,15,Interneuron,5_172,2_5,15
5,92,334.21,912.41,SVZ,15,Interneuron,5_92,2_5,15
3,50,336.15,925.75,Cortex,11,Excitatory neuron,3_50,2_5,15
1,51,289.92,1001.6,Cortex,19,Astrocytes,1_51,2_5,15
2,73,414.39,898.37,Cortex,18,Excitatory neuron,2_73,2_5,15
0,100,446.9,904.75,Cortex,10,Astrocytes,0_100,2_5,15
5,95,408.08,972.32,SVZ,23,Interneuron,5_95,2_5,15
6,8,407.83,1007.4,Choroid Plexus,1,Endothelial,6_8,2_5,15
5,189,347.56,958.13,SVZ,14,Astrocytes,5_189,2_5,15
0,17,391.16,972.08,Cortex,19,Astrocytes,0_17,2_5,15
1,42,451.05,845.44,Cortex,10,Astrocytes,1_42,2_5,15
1,47,366.94,972.24,Cortex,9,Excitatory neuron,1_47,2_5,15
5,90,370.67,863.92,SVZ,15,Interneuron,5_90,2_5,15
5,96,376.77,1000.9,SVZ,2,Endothelial,5_96,2_5,15
0,96,374.81,836.35,Cortex,3,Excitatory neuron,0_96,2_5,15
5,186,457.33,943.03,SVZ,11,Excitatory neuron,5_186,2_5,15
1,41,375.37,848.23,Cortex,9,Excitatory neuron,1_41,2_5,15
5,213,452.61,1050.3,SVZ,14,Astrocytes,5_213,2_6,16
5,234,430.84,1141.7,SVZ,15,Interneuron,5_234,2_6,16
5,224,438.82,1096.8,SVZ,21,Excitatory neuron,5_224,2_6,16
4,37,360.99,1112.3,Cortex,10,Astrocytes,4_37,2_6,16
3,55,413.05,1088.1,Cortex,4,Excitatory neuron,3_55,2_6,16
5,98,354.42,1041.8,SVZ,12,Excitatory neuron,5_98,2_6,16
0,112,404.65,1155.9,Cortex,3,Excitatory neuron,0_112,2_6,16
0,22,344.12,1041.0,Cortex,7,Interneuron,0_22,2_6,16
5,210,405.72,1044.8,SVZ,12,Excitatory neuron,5_210,2_6,16
1,68,324.83,1171.1,Cortex,9,Excitatory neuron,1_68,2_6,16
4,41,401.67,1186.7,Cortex,4,Excitatory neuron,4_41,2_6,16
5,225,379.99,1098.7,SVZ,17,Excitatory neuron,5_225,2_6,16
1,53,397.93,1044.7,Cortex,10,Astrocytes,1_53,2_6,16
0,20,469.54,1022.3,Cortex,9,Excitatory neuron,0_20,2_6,16
0,36,407.86,1342.5,Cortex,23,Interneuron,0_36,2_7,17
4,48,433.74,1281.7,Cortex,4,Excitatory neuron,4_48,2_7,17
1,70,427.71,1198.8,Cortex,3,Excitatory neuron,1_70,2_7,17
6,17,427.49,1318.8,Choroid Plexus,1,Endothelial,6_17,2_7,17
1,80,368.95,1337.0,Cortex,2,Endothelial,1_80,2_7,17
1,77,440.01,1288.7,Cortex,6,Excitatory neuron,1_77,2_7,17
0,34,449.39,1248.8,Cortex,3,Excitatory neuron,0_34,2_7,17
5,246,416.6,1202.9,SVZ,17,Excitatory neuron,5_246,2_7,17
4,49,357.85,1335.5,Cortex,5,Excitatory neuron,4_49,2_7,17
3,73,432.49,1328.1,Cortex,14,Astrocytes,3_73,2_7,17
5,243,466.23,1193.2,SVZ,24,Interneuron,5_243,2_7,17
4,59,458.62,1505.2,Cortex,18,Excitatory neuron,4_59,2_8,18
1,92,464.69,1475.3,Cortex,6,Excitatory neuron,1_92,2_8,18
5,107,407.8,1444.9,SVZ,14,Astrocytes,5_107,2_8,18
2,83,355.41,1509.6,Cortex,8,Astrocytes,2_83,2_8,18
6,25,370.57,1546.4,Choroid Plexus,1,Endothelial,6_25,2_8,18
3,75,303.16,1387.8,Cortex,11,Excitatory neuron,3_75,2_8,18
0,40,421.27,1481.6,Cortex,10,Astrocytes,0_40,2_8,18
5,109,411.79,1530.5,SVZ,16,Oligodendrocytes,5_109,2_8,18
3,84,430.62,1531.7,Cortex,5,Excitatory neuron,3_84,2_8,18
6,19,387.5,1381.1,Choroid Plexus,1,Endothelial,6_19,2_8,18
6,21,387.68,1453.5,Choroid Plexus,1,Endothelial,6_21,2_8,18
2,86,374.85,1718.7,Cortex,18,Excitatory neuron,2_86,2_9,19
6,108,389.93,1667.5,Choroid Plexus,1,Endothelial,6_108,2_9,19
4,95,435.9,1670.1,Cortex,5,Excitatory neuron,4_95,2_9,19
6,109,447.85,1672.3,Choroid Plexus,20,Microglia,6_109,2_9,19
0,47,442.86,1692.8,Cortex,7,Interneuron,0_47,2_9,19
6,27,440.33,1557.9,Choroid Plexus,1,Endothelial,6_27,2_9,19
3,91,422.92,1624.4,Cortex,4,Excitatory neuron,3_91,2_9,19
0,43,426.59,1586.4,Cortex,10,Astrocytes,0_43,2_9,19
5,280,342.92,1682.3,SVZ,14,Astrocytes,5_280,2_9,19
5,115,466.77,1721.0,SVZ,16,Oligodendrocytes,5_115,2_9,19
4,99,296.98,1871.0,Cortex,11,Excitatory neuron,4_99,2_10,20
3,100,325.14,1766.7,Cortex,18,Excitatory neuron,3_100,2_10,20
4,96,471.56,1766.3,Cortex,5,Excitatory neuron,4_96,2_10,20
4,100,456.62,1881.5,Cortex,11,Excitatory neuron,4_100,2_10,20
2,88,411.24,1829.3,Cortex,23,Interneuron,2_88,2_10,20
3,96,447.82,1730.5,Cortex,23,Interneuron,3_96,2_10,20
2,58,520.95,164.22,Cortex,13,Excitatory neuron,2_58,3_1,21
2,59,623.17,186.34,Cortex,8,Astrocytes,2_59,3_1,21
5,57,602.76,271.27,SVZ,7,Interneuron,5_57,3_1,21
2,61,551.91,318.44,Cortex,5,Excitatory neuron,2_61,3_2,22
5,65,560.14,427.05,SVZ,7,Interneuron,5_65,3_2,22
2,65,573.52,448.74,Cortex,19,Astrocytes,2_65,3_2,22
0,58,520.51,359.75,Cortex,3,Excitatory neuron,0_58,3_2,22
4,7,637.7,403.88,Cortex,16,Oligodendrocytes,4_7,3_2,22
4,66,516.36,460.09,Cortex,16,Oligodendrocytes,4_66,3_2,22
2,62,633.05,351.02,Cortex,10,Astrocytes,2_62,3_2,22
6,38,595.53,588.0,Choroid Plexus,1,Endothelial,6_38,3_3,23
3,17,653.28,565.94,Cortex,5,Excitatory neuron,3_17,3_3,23
0,61,527.31,538.48,Cortex,3,Excitatory neuron,0_61,3_3,23
4,67,501.54,549.3,Cortex,11,Excitatory neuron,4_67,3_3,23
5,69,532.17,521.5,SVZ,7,Interneuron,5_69,3_3,23
0,62,621.1,564.33,Cortex,7,Interneuron,0_62,3_3,23
2,66,539.39,579.98,Cortex,4,Excitatory neuron,2_66,3_3,23
4,14,649.07,568.45,Cortex,4,Excitatory neuron,4_14,3_3,23
5,162,601.2,823.12,SVZ,8,Astrocytes,5_162,3_4,24
0,63,571.13,677.51,Cortex,3,Excitatory neuron,0_63,3_4,24
4,23,572.9,779.29,Cortex,4,Excitatory neuron,4_23,3_4,24
1,9,594.86,688.87,Cortex,9,Excitatory neuron,1_9,3_4,24
5,80,648.65,660.05,SVZ,10,Astrocytes,5_80,3_4,24
4,19,594.37,678.13,Cortex,11,Excitatory neuron,4_19,3_4,24
5,157,555.58,788.12,SVZ,7,Interneuron,5_157,3_4,24
1,8,495.56,678.78,Cortex,2,Endothelial,1_8,3_4,24
3,34,482.59,770.78,Cortex,2,Endothelial,3_34,3_4,24
5,165,617.23,857.67,SVZ,12,Excitatory neuron,5_165,3_5,25
3,49,499.0,934.52,Cortex,19,Astrocytes,3_49,3_5,25
5,175,503.13,903.63,SVZ,17,Excitatory neuron,5_175,3_5,25
5,7,570.19,879.8,SVZ,12,Excitatory neuron,5_7,3_5,25
2,16,568.71,905.37,Cortex,18,Excitatory neuron,2_16,3_5,25
0,13,593.51,884.54,Cortex,20,Microglia,0_13,3_5,25
0,18,597.81,1001.1,Cortex,3,Excitatory neuron,0_18,3_5,25
2,20,493.04,1010.5,Cortex,7,Interneuron,2_20,3_5,25
1,43,508.2,854.1,Cortex,3,Excitatory neuron,1_43,3_5,25
5,8,614.6,902.81,SVZ,12,Excitatory neuron,5_8,3_5,25
5,181,551.75,931.78,SVZ,17,Excitatory neuron,5_181,3_5,25
5,11,575.12,976.99,SVZ,21,Excitatory neuron,5_11,3_5,25
1,12,575.64,836.86,Cortex,6,Excitatory neuron,1_12,3_5,25
5,6,542.23,855.84,SVZ,22,Endothelial,5_6,3_5,25
5,15,659.27,1007.2,SVZ,17,Excitatory neuron,5_15,3_5,25
5,193,524.04,968.91,SVZ,15,Interneuron,5_193,3_5,25
5,14,481.27,993.4,SVZ,11,Excitatory neuron,5_14,3_5,25
1,49,513.53,979.4,Cortex,20,Microglia,1_49,3_5,25
3,42,475.36,880.24,Cortex,10,Astrocytes,3_42,3_5,25
2,25,490.18,1135.7,Cortex,18,Excitatory neuron,2_25,3_6,26
3,62,580.9,1156.0,Cortex,4,Excitatory neuron,3_62,3_6,26
4,43,649.14,1187.4,Cortex,4,Excitatory neuron,4_43,3_6,26
5,18,640.93,1033.4,SVZ,24,Interneuron,5_18,3_6,26
5,27,619.76,1120.4,SVZ,14,Astrocytes,5_27,3_6,26
5,219,494.96,1090.2,SVZ,21,Excitatory neuron,5_219,3_6,26
5,20,601.66,1058.3,SVZ,14,Astrocytes,5_20,3_6,26
6,67,637.47,1107.5,Choroid Plexus,1,Endothelial,6_67,3_6,26
5,239,483.26,1161.4,SVZ,23,Interneuron,5_239,3_6,26
3,60,475.72,1146.1,Cortex,4,Excitatory neuron,3_60,3_6,26
3,54,520.84,1054.7,Cortex,4,Excitatory neuron,3_54,3_6,26
1,64,493.17,1132.6,Cortex,19,Astrocytes,1_64,3_6,26
5,236,512.39,1143.3,SVZ,11,Excitatory neuron,5_236,3_6,26
4,35,514.98,1070.0,Cortex,11,Excitatory neuron,4_35,3_6,26
4,40,548.96,1178.0,Cortex,2,Endothelial,4_40,3_6,26
5,203,526.26,1017.0,SVZ,12,Excitatory neuron,5_203,3_6,26
5,204,576.41,1018.5,SVZ,24,Interneuron,5_204,3_6,26
5,24,566.2,1106.4,SVZ,14,Astrocytes,5_24,3_6,26
5,21,535.3,1057.4,SVZ,8,Astrocytes,5_21,3_6,26
0,27,560.36,1123.7,Cortex,6,Excitatory neuron,0_27,3_6,26
5,29,558.61,1164.3,SVZ,12,Excitatory neuron,5_29,3_6,26
0,32,624.11,1246.1,Cortex,3,Excitatory neuron,0_32,3_7,27
5,263,628.89,1311.4,SVZ,25,Oligodendrocytes,5_263,3_7,27
5,255,633.35,1243.5,SVZ,14,Astrocytes,5_255,3_7,27
3,70,536.66,1276.8,Cortex,4,Excitatory neuron,3_70,3_7,27
6,76,653.02,1243.2,Choroid Plexus,2,Endothelial,6_76,3_7,27
5,261,543.26,1297.4,SVZ,14,Astrocytes,5_261,3_7,27
5,36,520.72,1211.9,SVZ,8,Astrocytes,5_36,3_7,27
1,81,561.77,1325.4,Cortex,7,Interneuron,1_81,3_7,27
2,29,529.72,1280.6,Cortex,18,Excitatory neuron,2_29,3_7,27
4,44,590.47,1230.9,Cortex,4,Excitatory neuron,4_44,3_7,27
6,78,583.82,1286.5,Choroid Plexus,2,Endothelial,6_78,3_7,27
4,47,650.71,1274.1,Cortex,4,Excitatory neuron,4_47,3_7,27
5,37,581.5,1208.7,SVZ,14,Astrocytes,5_37,3_7,27
6,77,504.95,1256.1,Choroid Plexus,1,Endothelial,6_77,3_7,27
4,80,639.03,1320.0,Cortex,12,Excitatory neuron,4_80,3_7,27
1,85,514.6,1405.4,Cortex,9,Excitatory neuron,1_85,3_8,28
5,108,616.16,1504.9,SVZ,15,Interneuron,5_108,3_8,28
4,52,611.71,1394.1,Cortex,4,Excitatory neuron,4_52,3_8,28
2,81,602.98,1502.4,Cortex,13,Excitatory neuron,2_81,3_8,28
4,58,566.57,1489.8,Cortex,6,Excitatory neuron,4_58,3_8,28
1,88,590.72,1450.9,Cortex,2,Endothelial,1_88,3_8,28
5,110,508.45,1554.9,SVZ,15,Interneuron,5_110,3_9,29
6,83,605.14,1593.9,Choroid Plexus,2,Endothelial,6_83,3_9,29
6,85,490.23,1708.8,Choroid Plexus,1,Endothelial,6_85,3_9,29
5,279,598.46,1668.9,SVZ,16,Oligodendrocytes,5_279,3_9,29
1,101,653.89,1619.9,Cortex,13,Excitatory neuron,1_101,3_9,29
1,99,531.71,1597.7,Cortex,13,Excitatory neuron,1_99,3_9,29
2,85,644.44,1678.4,Cortex,8,Astrocytes,2_85,3_9,29
3,86,592.77,1558.2,Cortex,4,Excitatory neuron,3_86,3_9,29
5,111,583.78,1594.1,SVZ,14,Astrocytes,5_111,3_9,29
4,86,650.84,1561.3,Cortex,5,Excitatory neuron,4_86,3_9,29
2,84,496.92,1581.6,Cortex,23,Interneuron,2_84,3_9,29
3,97,538.71,1731.2,Cortex,4,Excitatory neuron,3_97,3_10,30
4,97,639.25,1774.4,Cortex,4,Excitatory neuron,4_97,3_10,30
2,87,546.78,1820.3,Cortex,18,Excitatory neuron,2_87,3_10,30
4,3,828.07,300.14,Cortex,16,Oligodendrocytes,4_3,4_1,31
2,2,794.27,292.92,Cortex,9,Excitatory neuron,2_2,4_1,31
3,1,734.12,173.2,Cortex,11,Excitatory neuron,3_1,4_1,31
3,5,723.27,295.67,Cortex,5,Excitatory neuron,3_5,4_1,31
2,57,707.72,154.95,Cortex,10,Astrocytes,2_57,4_1,31
0,60,799.96,389.1,Cortex,7,Interneuron,0_60,4_2,32
4,6,787.84,407.41,Cortex,25,Oligodendrocytes,4_6,4_2,32
5,66,782.55,463.51,SVZ,10,Astrocytes,5_66,4_2,32
3,9,701.05,402.96,Cortex,5,Excitatory neuron,3_9,4_2,32
5,60,682.44,324.7,SVZ,10,Astrocytes,5_60,4_2,32
1,4,681.3,453.14,Cortex,9,Excitatory neuron,1_4,4_2,32
2,64,703.15,435.75,Cortex,20,Microglia,2_64,4_2,32
0,2,669.51,457.53,Cortex,3,Excitatory neuron,0_2,4_2,32
3,18,726.66,605.62,Cortex,20,Microglia,3_18,4_3,33
6,41,786.31,625.34,Choroid Plexus,1,Endothelial,6_41,4_3,33
2,10,713.46,648.61,Cortex,18,Excitatory neuron,2_10,4_3,33
5,73,789.24,564.4,SVZ,7,Interneuron,5_73,4_3,33
0,5,763.87,569.15,Cortex,6,Excitatory neuron,0_5,4_3,33
0,4,710.24,533.06,Cortex,7,Interneuron,0_4,4_3,33
5,71,671.41,543.44,SVZ,2,Endothelial,5_71,4_3,33
1,5,773.77,559.19,Cortex,9,Excitatory neuron,1_5,4_3,33
6,1,689.58,596.01,Choroid Plexus,1,Endothelial,6_1,4_3,33
4,71,806.82,595.74,Cortex,11,Excitatory neuron,4_71,4_3,33
5,79,769.97,645.73,SVZ,7,Interneuron,5_79,4_3,33
1,7,682.46,625.45,Cortex,19,Astrocytes,1_7,4_3,33
3,27,716.81,720.39,Cortex,26,Unannotated,3_27,4_4,34
0,9,806.56,828.27,Cortex,3,Excitatory neuron,0_9,4_4,34
2,71,713.42,822.36,Cortex,2,Endothelial,2_71,4_4,34
1,11,667.59,797.63,Cortex,9,Excitatory neuron,1_11,4_4,34
6,95,836.96,784.33,Choroid Plexus,1,Endothelial,6_95,4_4,34
0,95,739.38,818.87,Cortex,9,Excitatory neuron,0_95,4_4,34
5,5,664.49,777.48,SVZ,15,Interneuron,5_5,4_4,34
0,92,781.88,748.95,Cortex,6,Excitatory neuron,0_92,4_4,34
0,89,699.92,689.47,Cortex,3,Excitatory neuron,0_89,4_4,34
1,10,837.63,711.08,Cortex,13,Excitatory neuron,1_10,4_4,34
5,4,838.26,765.0,SVZ,15,Interneuron,5_4,4_4,34
5,87,769.09,804.48,SVZ,15,Interneuron,5_87,4_4,34
4,29,756.22,931.75,Cortex,20,Microglia,4_29,4_5,35
2,72,756.36,882.69,Cortex,10,Astrocytes,2_72,4_5,35
5,187,743.39,947.68,SVZ,12,Excitatory neuron,5_187,4_5,35
3,44,775.74,912.61,Cortex,5,Excitatory neuron,3_44,4_5,35
0,102,745.68,922.15,Cortex,3,Excitatory neuron,0_102,4_5,35
5,167,747.81,861.49,SVZ,12,Excitatory neuron,5_167,4_5,35
5,94,813.56,960.42,SVZ,8,Astrocytes,5_94,4_5,35
6,99,660.76,935.14,Choroid Plexus,2,Endothelial,6_99,4_5,35
5,191,684.86,964.57,SVZ,17,Excitatory neuron,5_191,4_5,35
5,164,691.21,846.47,SVZ,17,Excitatory neuron,5_164,4_5,35
3,40,699.51,869.09,Cortex,5,Excitatory neuron,3_40,4_5,35
6,98,837.08,922.4,Choroid Plexus,26,Unannotated,6_98,4_5,35
1,13,830.55,838.28,Cortex,19,Astrocytes,1_13,4_5,35
0,104,799.79,982.66,Cortex,3,Excitatory neuron,0_104,4_5,35
5,174,765.03,900.44,SVZ,21,Excitatory neuron,5_174,4_5,35
5,177,707.7,908.0,SVZ,12,Excitatory neuron,5_177,4_5,35
5,171,671.17,881.72,SVZ,17,Excitatory neuron,5_171,4_5,35
5,281,817.56,1008.9,SVZ,15,Interneuron,5_281,4_5,35
1,14,822.66,928.82,Cortex,9,Excitatory neuron,1_14,4_5,35
0,26,822.23,1124.2,Cortex,7,Interneuron,0_26,4_6,36
0,30,668.36,1165.0,Cortex,6,Excitatory neuron,0_30,4_6,36
5,240,820.82,1169.6,SVZ,8,Astrocytes,5_240,4_6,36
5,235,777.81,1142.8,SVZ,12,Excitatory neuron,5_235,4_6,36
6,11,844.06,1085.6,Choroid Plexus,1,Endothelial,6_11,4_6,36
6,103,809.31,1176.0,Choroid Plexus,1,Endothelial,6_103,4_6,36
5,226,676.38,1101.0,SVZ,15,Interneuron,5_226,4_6,36
5,232,725.92,1139.5,SVZ,17,Excitatory neuron,5_232,4_6,36
5,31,673.82,1178.8,SVZ,24,Interneuron,5_31,4_6,36
5,22,701.94,1068.0,SVZ,24,Interneuron,5_22,4_6,36
6,102,759.1,1081.7,Choroid Plexus,1,Endothelial,6_102,4_6,36
2,24,752.18,1060.3,Cortex,18,Excitatory neuron,2_24,4_6,36
4,39,723.69,1137.1,Cortex,2,Endothelial,4_39,4_6,36
3,65,748.67,1163.3,Cortex,5,Excitatory neuron,3_65,4_6,36
6,9,687.62,1042.3,Choroid Plexus,1,Endothelial,6_9,4_6,36
0,28,742.3,1134.5,Cortex,6,Excitatory neuron,0_28,4_6,36
5,267,701.92,1334.7,SVZ,11,Excitatory neuron,5_267,4_7,37
5,100,828.06,1228.6,SVZ,17,Excitatory neuron,5_100,4_7,37
4,46,704.43,1265.8,Cortex,4,Excitatory neuron,4_46,4_7,37
5,42,821.13,1311.9,SVZ,17,Excitatory neuron,5_42,4_7,37
5,34,706.85,1199.7,SVZ,17,Excitatory neuron,5_34,4_7,37
5,104,735.77,1285.3,SVZ,14,Astrocytes,5_104,4_7,37
0,115,796.06,1271.3,Cortex,3,Excitatory neuron,0_115,4_7,37
2,31,800.37,1293.8,Cortex,10,Astrocytes,2_31,4_7,37
4,51,748.14,1349.5,Cortex,20,Microglia,4_51,4_7,37
5,248,763.6,1211.0,SVZ,14,Astrocytes,5_248,4_7,37
3,72,784.88,1319.8,Cortex,11,Excitatory neuron,3_72,4_7,37
5,262,781.33,1307.9,SVZ,17,Excitatory neuron,5_262,4_7,37
2,28,761.15,1230.4,Cortex,19,Astrocytes,2_28,4_7,37
1,89,743.94,1449.9,Cortex,9,Excitatory neuron,1_89,4_8,38
6,22,739.29,1463.2,Choroid Plexus,1,Endothelial,6_22,4_8,38
2,80,695.89,1485.6,Cortex,16,Oligodendrocytes,2_80,4_8,38
3,76,808.9,1434.0,Cortex,5,Excitatory neuron,3_76,4_8,38
5,46,729.27,1374.3,SVZ,16,Oligodendrocytes,5_46,4_8,38
5,47,832.75,1377.3,SVZ,16,Oligodendrocytes,5_47,4_8,38
3,83,762.65,1521.3,Cortex,2,Endothelial,3_83,4_8,38
5,113,684.74,1666.0,SVZ,25,Oligodendrocytes,5_113,4_9,39
1,103,751.4,1634.2,Cortex,2,Endothelial,1_103,4_9,39
5,112,678.82,1605.7,SVZ,16,Oligodendrocytes,5_112,4_9,39
1,96,743.17,1548.5,Cortex,6,Excitatory neuron,1_96,4_9,39
0,45,782.61,1687.7,Cortex,10,Astrocytes,0_45,4_9,39
4,89,767.46,1663.4,Cortex,5,Excitatory neuron,4_89,4_9,39
0,44,669.71,1629.6,Cortex,2,Endothelial,0_44,4_9,39
6,26,788.33,1560.0,Choroid Plexus,1,Endothelial,6_26,4_9,39
4,85,759.11,1549.9,Cortex,25,Oligodendrocytes,4_85,4_9,39
3,94,843.53,1672.9,Cortex,16,Oligodendrocytes,3_94,4_9,39
5,116,768.28,1763.1,SVZ,16,Oligodendrocytes,5_116,4_10,40
4,1,1008.4,250.45,Cortex,16,Oligodendrocytes,4_1,5_1,41
0,51,855.84,122.03,Cortex,10,Astrocytes,0_51,5_1,41
1,21,911.59,281.52,Cortex,13,Excitatory neuron,1_21,5_1,41
0,55,981.25,261.05,Cortex,3,Excitatory neuron,0_55,5_1,41
3,6,863.07,291.82,Cortex,4,Excitatory neuron,3_6,5_1,41
0,59,980.24,382.43,Cortex,3,Excitatory neuron,0_59,5_2,42
4,65,937.71,418.1,Cortex,10,Astrocytes,4_65,5_2,42
3,12,995.24,439.72,Cortex,2,Endothelial,3_12,5_2,42
5,62,917.27,355.88,SVZ,2,Endothelial,5_62,5_2,42
2,3,892.49,333.43,Cortex,13,Excitatory neuron,2_3,5_2,42
4,64,874.41,380.91,Cortex,25,Oligodendrocytes,4_64,5_2,42
3,10,854.93,417.8,Cortex,10,Astrocytes,3_10,5_2,42
2,6,864.35,553.63,Cortex,12,Excitatory neuron,2_6,5_3,43
6,40,906.0,627.83,Choroid Plexus,1,Endothelial,6_40,5_3,43
5,76,956.77,611.15,SVZ,7,Interneuron,5_76,5_3,43
3,20,877.47,601.13,Cortex,10,Astrocytes,3_20,5_3,43
1,6,861.26,580.49,Cortex,25,Oligodendrocytes,1_6,5_3,43
4,10,856.5,483.83,Cortex,25,Oligodendrocytes,4_10,5_3,43
5,82,1009.1,729.56,SVZ,17,Excitatory neuron,5_82,5_4,44
4,21,912.72,702.49,Cortex,2,Endothelial,4_21,5_4,44
5,160,926.48,815.14,SVZ,2,Endothelial,5_160,5_4,44
3,26,856.05,704.98,Cortex,4,Excitatory neuron,3_26,5_4,44
6,45,906.68,715.8,Choroid Plexus,1,Endothelial,6_45,5_4,44
5,154,943.41,772.13,SVZ,2,Endothelial,5_154,5_4,44
6,96,1013.1,767.09,Choroid Plexus,1,Endothelial,6_96,5_4,44
0,7,957.71,755.66,Cortex,3,Excitatory neuron,0_7,5_4,44
5,159,1020.0,804.7,SVZ,12,Excitatory neuron,5_159,5_4,44
6,50,978.54,825.8,Choroid Plexus,1,Endothelial,6_50,5_4,44
4,22,979.93,787.12,Cortex,11,Excitatory neuron,4_22,5_4,44
5,3,874.55,685.41,SVZ,21,Excitatory neuron,5_3,5_4,44
2,12,874.24,769.85,Cortex,11,Excitatory neuron,2_12,5_4,44
3,32,985.08,766.92,Cortex,4,Excitatory neuron,3_32,5_4,44
5,148,987.56,686.98,SVZ,17,Excitatory neuron,5_148,5_4,44
3,35,859.35,781.87,Cortex,4,Excitatory neuron,3_35,5_4,44
3,25,966.9,695.14,Cortex,16,Oligodendrocytes,3_25,5_4,44
5,93,955.73,942.69,SVZ,15,Interneuron,5_93,5_5,45
0,12,950.97,863.93,Cortex,3,Excitatory neuron,0_12,5_5,45
3,47,847.67,928.91,Cortex,4,Excitatory neuron,3_47,5_5,45
4,27,1025.6,907.36,Cortex,11,Excitatory neuron,4_27,5_5,45
3,41,993.52,885.85,Cortex,6,Excitatory neuron,3_41,5_5,45
1,15,926.19,982.7,Cortex,9,Excitatory neuron,1_15,5_5,45
6,52,1027.8,886.77,Choroid Plexus,1,Endothelial,6_52,5_5,45
5,168,969.54,868.85,SVZ,15,Interneuron,5_168,5_5,45
6,100,919.96,986.27,Choroid Plexus,2,Endothelial,6_100,5_5,45
3,45,914.75,902.99,Cortex,2,Endothelial,3_45,5_5,45
6,97,870.32,862.08,Choroid Plexus,1,Endothelial,6_97,5_5,45
4,31,1015.0,963.72,Cortex,16,Oligodendrocytes,4_31,5_5,45
0,15,1021.4,931.14,Cortex,3,Excitatory neuron,0_15,5_5,45
3,58,1010.8,1121.2,Cortex,4,Excitatory neuron,3_58,5_6,46
5,231,1018.3,1134.5,SVZ,15,Interneuron,5_231,5_6,46
6,72,1013.4,1169.5,Choroid Plexus,1,Endothelial,6_72,5_6,46
0,106,886.81,1056.5,Cortex,25,Oligodendrocytes,0_106,5_6,46
2,21,999.3,1015.8,Cortex,19,Astrocytes,2_21,5_6,46
1,60,1002.1,1094.2,Cortex,2,Endothelial,1_60,5_6,46
5,97,893.65,1027.4,SVZ,15,Interneuron,5_97,5_6,46
3,53,904.01,1039.9,Cortex,11,Excitatory neuron,3_53,5_6,46
0,105,996.9,1054.7,Cortex,25,Oligodendrocytes,0_105,5_6,46
6,13,912.97,1120.8,Choroid Plexus,1,Endothelial,6_13,5_6,46
5,211,1011.2,1048.8,SVZ,20,Microglia,5_211,5_6,46
5,220,911.84,1082.0,SVZ,8,Astrocytes,5_220,5_6,46
5,26,949.75,1115.2,SVZ,21,Excitatory neuron,5_26,5_6,46
1,79,945.65,1316.1,Cortex,6,Excitatory neuron,1_79,5_7,47
0,114,921.13,1260.5,Cortex,7,Interneuron,0_114,5_7,47
2,30,872.18,1260.4,Cortex,19,Astrocytes,2_30,5_7,47
5,103,991.98,1281.6,SVZ,8,Astrocytes,5_103,5_7,47
5,257,922.88,1266.4,SVZ,14,Astrocytes,5_257,5_7,47
5,101,995.7,1248.2,SVZ,22,Endothelial,5_101,5_7,47
5,264,1011.0,1322.9,SVZ,8,Astrocytes,5_264,5_7,47
4,76,932.93,1213.5,Cortex,4,Excitatory neuron,4_76,5_7,47
5,245,961.03,1191.1,SVZ,12,Excitatory neuron,5_245,5_7,47
5,252,909.97,1231.2,SVZ,26,Unannotated,5_252,5_7,47
4,79,847.99,1286.6,Cortex,11,Excitatory neuron,4_79,5_7,47
5,249,1013.2,1214.3,SVZ,24,Interneuron,5_249,5_7,47
1,75,1021.7,1287.0,Cortex,10,Astrocytes,1_75,5_7,47
3,67,894.31,1208.5,Cortex,5,Excitatory neuron,3_67,5_7,47
1,72,900.27,1238.5,Cortex,19,Astrocytes,1_72,5_7,47
5,244,902.94,1193.8,SVZ,8,Astrocytes,5_244,5_7,47
5,105,935.97,1323.0,SVZ,8,Astrocytes,5_105,5_7,47
5,48,1008.0,1431.7,SVZ,20,Microglia,5_48,5_8,48
2,37,998.12,1506.5,Cortex,18,Excitatory neuron,2_37,5_8,48
1,93,918.22,1498.7,Cortex,9,Excitatory neuron,1_93,5_8,48
3,79,972.21,1479.9,Cortex,18,Excitatory neuron,3_79,5_8,48
6,23,853.0,1524.0,Choroid Plexus,1,Endothelial,6_23,5_8,48
1,87,861.75,1422.2,Cortex,9,Excitatory neuron,1_87,5_8,48
5,276,912.22,1453.7,SVZ,16,Oligodendrocytes,5_276,5_8,48
0,37,894.7,1428.8,Cortex,10,Astrocytes,0_37,5_8,48
4,84,890.9,1517.0,Cortex,25,Oligodendrocytes,4_84,5_8,48
2,53,876.46,1435.8,Cortex,7,Interneuron,2_53,5_8,48
2,40,974.49,1642.2,Cortex,2,Endothelial,2_40,5_9,49
5,114,975.84,1676.5,SVZ,20,Microglia,5_114,5_9,49
1,98,856.63,1602.7,Cortex,6,Excitatory neuron,1_98,5_9,49
4,88,872.21,1595.3,Cortex,16,Oligodendrocytes,4_88,5_9,49
1,106,1020.7,1715.3,Cortex,13,Excitatory neuron,1_106,5_9,49
2,38,906.57,1575.0,Cortex,2,Endothelial,2_38,5_9,49
6,28,922.88,1596.3,Choroid Plexus,1,Endothelial,6_28,5_9,49
0,48,973.21,1705.6,Cortex,10,Astrocytes,0_48,5_9,49
1,107,918.24,1736.8,Cortex,13,Excitatory neuron,1_107,5_10,50
0,50,854.77,1725.6,Cortex,20,Microglia,0_50,5_10,50
3,99,972.19,1767.1,Cortex,11,Excitatory neuron,3_99,5_10,50
2,43,873.9,1791.7,Cortex,18,Excitatory neuron,2_43,5_10,50
2,1,1033.1,257.05,Cortex,2,Endothelial,2_1,6_1,51
3,4,1033.3,286.35,Cortex,5,Excitatory neuron,3_4,6_1,51
0,53,1090.2,215.81,Cortex,7,Interneuron,0_53,6_1,51
5,124,1191.2,404.88,SVZ,12,Excitatory neuron,5_124,6_2,52
5,129,1193.7,455.84,SVZ,11,Excitatory neuron,5_129,6_2,52
1,23,1083.2,412.02,Cortex,19,Astrocytes,1_23,6_2,52
3,13,1091.3,451.51,Cortex,5,Excitatory neuron,3_13,6_2,52
4,9,1049.9,442.5,Cortex,16,Oligodendrocytes,4_9,6_2,52
6,87,1105.1,381.5,Choroid Plexus,1,Endothelial,6_87,6_2,52
0,57,1117.0,312.56,Cortex,3,Excitatory neuron,0_57,6_2,52
5,59,1206.6,308.55,SVZ,7,Interneuron,5_59,6_2,52
3,7,1135.9,326.69,Cortex,4,Excitatory neuron,3_7,6_2,52
4,4,1175.3,314.15,Cortex,16,Oligodendrocytes,4_4,6_2,52
6,32,1175.0,427.15,Choroid Plexus,1,Endothelial,6_32,6_2,52
2,5,1174.9,454.87,Cortex,18,Excitatory neuron,2_5,6_2,52
6,86,1034.8,358.87,Choroid Plexus,1,Endothelial,6_86,6_2,52
2,7,1112.1,572.82,Cortex,5,Excitatory neuron,2_7,6_3,53
4,17,1142.4,641.94,Cortex,5,Excitatory neuron,4_17,6_3,53
5,78,1147.5,632.11,SVZ,13,Excitatory neuron,5_78,6_3,53
5,137,1205.0,533.3,SVZ,15,Interneuron,5_137,6_3,53
6,36,1163.7,533.74,Choroid Plexus,1,Endothelial,6_36,6_3,53
0,3,1185.9,507.11,Cortex,3,Excitatory neuron,0_3,6_3,53
4,68,1174.3,549.17,Cortex,16,Oligodendrocytes,4_68,6_3,53
1,27,1080.9,561.08,Cortex,9,Excitatory neuron,1_27,6_3,53
6,34,1214.9,479.35,Choroid Plexus,1,Endothelial,6_34,6_3,53
5,143,1068.6,629.86,SVZ,20,Microglia,5_143,6_3,53
5,67,1033.2,507.38,SVZ,20,Microglia,5_67,6_3,53
2,4,1037.7,482.11,Cortex,9,Excitatory neuron,2_4,6_3,53
4,70,1055.9,578.53,Cortex,5,Excitatory neuron,4_70,6_3,53
5,142,1215.3,619.27,SVZ,23,Interneuron,5_142,6_3,53
5,146,1192.1,656.44,SVZ,22,Endothelial,5_146,6_4,54
3,37,1052.8,811.34,Cortex,4,Excitatory neuron,3_37,6_4,54
6,4,1106.1,773.68,Choroid Plexus,1,Endothelial,6_4,6_4,54
5,158,1104.5,803.24,SVZ,12,Excitatory neuron,5_158,6_4,54
3,23,1184.0,657.09,Cortex,4,Excitatory neuron,3_23,6_4,54
5,151,1181.9,731.84,SVZ,24,Interneuron,5_151,6_4,54
5,153,1134.9,751.55,SVZ,24,Interneuron,5_153,6_4,54
5,149,1117.1,696.32,SVZ,14,Astrocytes,5_149,6_4,54
1,38,1213.6,804.34,Cortex,2,Endothelial,1_38,6_4,54
0,6,1142.4,742.97,Cortex,7,Interneuron,0_6,6_4,54
5,155,1197.0,780.63,SVZ,24,Interneuron,5_155,6_4,54
5,86,1156.6,804.03,SVZ,12,Excitatory neuron,5_86,6_4,54
4,24,1199.9,799.52,Cortex,18,Excitatory neuron,4_24,6_4,54
5,147,1161.9,682.58,SVZ,21,Excitatory neuron,5_147,6_4,54
2,69,1042.1,767.07,Cortex,9,Excitatory neuron,2_69,6_4,54
6,5,1186.7,794.79,Choroid Plexus,1,Endothelial,6_5,6_4,54
1,50,1039.8,991.14,Cortex,2,Endothelial,1_50,6_5,55
5,196,1038.8,983.53,SVZ,21,Excitatory neuron,5_196,6_5,55
2,18,1145.7,942.57,Cortex,8,Astrocytes,2_18,6_5,55
5,180,1033.4,931.78,SVZ,21,Excitatory neuron,5_180,6_5,55
2,19,1047.9,969.42,Cortex,10,Astrocytes,2_19,6_5,55
1,45,1159.9,894.7,Cortex,6,Excitatory neuron,1_45,6_5,55
5,185,1125.1,947.05,SVZ,12,Excitatory neuron,5_185,6_5,55
3,48,1124.1,915.51,Cortex,4,Excitatory neuron,3_48,6_5,55
5,170,1166.2,884.25,SVZ,8,Astrocytes,5_170,6_5,55
5,163,1048.3,841.21,SVZ,17,Excitatory neuron,5_163,6_5,55
5,176,1082.5,898.77,SVZ,14,Astrocytes,5_176,6_5,55
6,55,1188.4,937.38,Choroid Plexus,1,Endothelial,6_55,6_5,55
5,169,1196.3,867.79,SVZ,9,Excitatory neuron,5_169,6_5,55
6,53,1090.8,919.48,Choroid Plexus,1,Endothelial,6_53,6_5,55
5,201,1084.1,1004.8,SVZ,8,Astrocytes,5_201,6_5,55
4,25,1052.5,858.53,Cortex,4,Excitatory neuron,4_25,6_5,55
4,32,1214.2,976.64,Cortex,11,Excitatory neuron,4_32,6_5,55
5,190,1194.7,955.89,SVZ,22,Endothelial,5_190,6_5,55
0,107,1198.5,1077.4,Cortex,7,Interneuron,0_107,6_6,56
1,66,1197.8,1158.6,Cortex,6,Excitatory neuron,1_66,6_6,56
5,237,1081.6,1145.1,SVZ,21,Excitatory neuron,5_237,6_6,56
3,63,1083.2,1176.6,Cortex,4,Excitatory neuron,3_63,6_6,56
6,66,1093.3,1104.9,Choroid Plexus,1,Endothelial,6_66,6_6,56
0,113,1127.0,1172.7,Cortex,3,Excitatory neuron,0_113,6_6,56
4,36,1140.8,1085.8,Cortex,5,Excitatory neuron,4_36,6_6,56
5,216,1084.6,1060.4,SVZ,20,Microglia,5_216,6_6,56
1,61,1103.8,1102.7,Cortex,6,Excitatory neuron,1_61,6_6,56
4,75,1059.2,1135.8,Cortex,10,Astrocytes,4_75,6_6,56
5,222,1066.3,1096.4,SVZ,8,Astrocytes,5_222,6_6,56
5,256,1213.1,1257.1,SVZ,2,Endothelial,5_256,6_7,57
2,89,1202.5,1199.5,Cortex,2,Endothelial,2_89,6_7,57
5,247,1167.4,1203.0,SVZ,15,Interneuron,5_247,6_7,57
5,251,1073.5,1223.1,SVZ,15,Interneuron,5_251,6_7,57
4,78,1081.0,1280.7,Cortex,22,Endothelial,4_78,6_7,57
3,74,1147.6,1353.1,Cortex,5,Excitatory neuron,3_74,6_7,57
5,260,1146.5,1287.0,SVZ,12,Excitatory neuron,5_260,6_7,57
6,104,1136.2,1198.8,Choroid Plexus,1,Endothelial,6_104,6_7,57
5,268,1132.9,1333.9,SVZ,2,Endothelial,5_268,6_7,57
2,32,1122.9,1357.8,Cortex,9,Excitatory neuron,2_32,6_7,57
2,26,1073.6,1212.2,Cortex,18,Excitatory neuron,2_26,6_7,57
1,76,1117.7,1293.9,Cortex,19,Astrocytes,1_76,6_7,57
5,258,1073.8,1272.5,SVZ,17,Excitatory neuron,5_258,6_7,57
5,266,1078.5,1322.9,SVZ,12,Excitatory neuron,5_266,6_7,57
4,54,1058.5,1443.8,Cortex,4,Excitatory neuron,4_54,6_8,58
5,275,1061.1,1446.7,SVZ,8,Astrocytes,5_275,6_8,58
4,57,1212.3,1473.5,Cortex,13,Excitatory neuron,4_57,6_8,58
0,42,1069.0,1515.1,Cortex,10,Astrocytes,0_42,6_8,58
1,95,1205.4,1539.0,Cortex,2,Endothelial,1_95,6_8,58
3,78,1101.1,1462.9,Cortex,23,Interneuron,3_78,6_8,58
2,35,1168.7,1459.4,Cortex,7,Interneuron,2_35,6_8,58
5,270,1129.0,1382.2,SVZ,20,Microglia,5_270,6_8,58
3,80,1185.6,1503.2,Cortex,6,Excitatory neuron,3_80,6_8,58
1,91,1109.0,1461.1,Cortex,3,Excitatory neuron,1_91,6_8,58
5,271,1187.0,1392.8,SVZ,15,Interneuron,5_271,6_8,58
1,104,1164.1,1649.6,Cortex,6,Excitatory neuron,1_104,6_9,59
3,92,1050.7,1631.9,Cortex,2,Endothelial,3_92,6_9,59
3,90,1137.3,1593.3,Cortex,4,Excitatory neuron,3_90,6_9,59
6,29,1107.8,1590.5,Choroid Plexus,1,Endothelial,6_29,6_9,59
1,97,1087.2,1575.8,Cortex,20,Microglia,1_97,6_9,59
4,61,1077.3,1600.3,Cortex,11,Excitatory neuron,4_61,6_9,59
4,63,1197.6,1671.7,Cortex,18,Excitatory neuron,4_63,6_9,59
3,98,1185.9,1740.7,Cortex,4,Excitatory neuron,3_98,6_10,60
0,49,1201.2,1726.0,Cortex,7,Interneuron,0_49,6_10,60
4,98,1129.9,1821.6,Cortex,4,Excitatory neuron,4_98,6_10,60
3,103,1108.7,1832.8,Cortex,5,Excitatory neuron,3_103,6_10,60
4,101,1055.6,1903.3,Cortex,5,Excitatory neuron,4_101,6_10,60
1,108,1046.5,1825.1,Cortex,6,Excitatory neuron,1_108,6_10,60
0,67,1319.2,234.32,Cortex,13,Excitatory neuron,0_67,7_1,61
5,58,1291.3,288.34,SVZ,7,Interneuron,5_58,7_1,61
5,53,1341.3,175.17,SVZ,7,Interneuron,5_53,7_1,61
4,2,1253.3,272.22,Cortex,10,Astrocytes,4_2,7_1,61
1,17,1354.5,178.6,Cortex,13,Excitatory neuron,1_17,7_1,61
5,49,1381.4,415.23,SVZ,14,Astrocytes,5_49,7_2,62
5,50,1350.5,425.35,SVZ,11,Excitatory neuron,5_50,7_2,62
5,130,1347.0,467.32,SVZ,12,Excitatory neuron,5_130,7_2,62
5,121,1326.8,365.9,SVZ,8,Astrocytes,5_121,7_2,62
5,1,1318.4,438.57,Cortex,8,Astrocytes,5_1,7_2,62
0,1,1305.7,414.98,Cortex,13,Excitatory neuron,0_1,7_2,62
3,8,1297.7,352.94,Cortex,4,Excitatory neuron,3_8,7_2,62
5,64,1286.1,406.16,SVZ,8,Astrocytes,5_64,7_2,62
5,52,1282.8,472.81,SVZ,12,Excitatory neuron,5_52,7_2,62
6,89,1386.3,399.33,Choroid Plexus,1,Endothelial,6_89,7_2,62
5,61,1354.5,339.12,SVZ,21,Excitatory neuron,5_61,7_2,62
6,88,1257.8,380.21,Choroid Plexus,1,Endothelial,6_88,7_2,62
5,2,1266.6,443.21,SVZ,8,Astrocytes,5_2,7_2,62
5,51,1237.8,471.52,SVZ,8,Astrocytes,5_51,7_2,62
5,125,1237.0,405.36,SVZ,21,Excitatory neuron,5_125,7_2,62
6,2,1301.4,655.32,Choroid Plexus,1,Endothelial,6_2,7_3,63
0,81,1238.0,597.74,Cortex,6,Excitatory neuron,0_81,7_3,63
3,15,1285.5,526.38,Cortex,20,Microglia,3_15,7_3,63
5,135,1288.2,521.83,SVZ,17,Excitatory neuron,5_135,7_3,63
5,138,1296.7,550.37,SVZ,17,Excitatory neuron,5_138,7_3,63
4,69,1237.7,565.2,Cortex,10,Astrocytes,4_69,7_3,63
0,85,1298.3,606.25,Cortex,3,Excitatory neuron,0_85,7_3,63
3,105,1298.9,646.27,Cortex,4,Excitatory neuron,3_105,7_3,63
2,49,1309.2,499.93,Cortex,23,Interneuron,2_49,7_3,63
3,19,1234.0,592.7,Cortex,4,Excitatory neuron,3_19,7_3,63
1,30,1320.5,575.85,Cortex,3,Excitatory neuron,1_30,7_3,63
6,90,1322.6,529.93,Choroid Plexus,2,Endothelial,6_90,7_3,63
5,139,1325.8,561.68,SVZ,22,Endothelial,5_139,7_3,63
1,33,1376.3,647.65,Cortex,7,Interneuron,1_33,7_3,63
5,74,1366.0,582.24,SVZ,14,Astrocytes,5_74,7_3,63
5,134,1336.7,507.72,SVZ,17,Excitatory neuron,5_134,7_3,63
4,12,1365.5,553.75,Cortex,16,Oligodendrocytes,4_12,7_3,63
2,9,1365.4,629.16,Cortex,9,Excitatory neuron,2_9,7_3,63
5,133,1385.5,500.0,SVZ,17,Excitatory neuron,5_133,7_3,63
5,141,1280.9,600.11,SVZ,8,Astrocytes,5_141,7_3,63
0,86,1401.0,619.94,Cortex,7,Interneuron,0_86,7_3,63
6,92,1247.1,579.42,Choroid Plexus,1,Endothelial,6_92,7_3,63
5,140,1261.7,571.44,SVZ,8,Astrocytes,5_140,7_3,63
2,8,1240.8,601.12,Cortex,6,Excitatory neuron,2_8,7_3,63
1,28,1255.1,546.74,Cortex,25,Oligodendrocytes,1_28,7_3,63
5,144,1256.2,646.6,SVZ,22,Endothelial,5_144,7_3,63
4,73,1335.0,809.99,Cortex,5,Excitatory neuron,4_73,7_4,64
4,18,1401.1,664.95,Cortex,5,Excitatory neuron,4_18,7_4,64
6,46,1280.7,717.68,Choroid Plexus,1,Endothelial,6_46,7_4,64
5,84,1248.8,782.47,SVZ,22,Endothelial,5_84,7_4,64
2,13,1231.8,782.75,Cortex,19,Astrocytes,2_13,7_4,64
1,34,1224.7,662.74,Cortex,9,Excitatory neuron,1_34,7_4,64
2,11,1351.7,731.0,Cortex,13,Excitatory neuron,2_11,7_4,64
5,161,1232.2,821.94,SVZ,26,Unannotated,5_161,7_4,64
4,72,1270.6,676.58,Cortex,11,Excitatory neuron,4_72,7_4,64
3,106,1352.2,718.58,Cortex,18,Excitatory neuron,3_106,7_4,64
5,152,1277.6,737.05,SVZ,22,Endothelial,5_152,7_4,64
5,150,1221.7,708.18,SVZ,12,Excitatory neuron,5_150,7_4,64
5,145,1313.2,657.35,SVZ,22,Endothelial,5_145,7_4,64
1,44,1402.5,865.38,Cortex,3,Excitatory neuron,1_44,7_5,65
6,51,1324.8,838.48,Choroid Plexus,1,Endothelial,6_51,7_5,65
3,46,1374.1,897.6,Cortex,2,Endothelial,3_46,7_5,65
2,15,1336.0,845.58,Cortex,19,Astrocytes,2_15,7_5,65
5,13,1333.2,987.57,SVZ,12,Excitatory neuron,5_13,7_5,65
5,183,1318.2,933.31,SVZ,24,Interneuron,5_183,7_5,65
5,12,1386.1,980.5,SVZ,22,Endothelial,5_12,7_5,65
5,10,1359.5,968.53,SVZ,12,Excitatory neuron,5_10,7_5,65
5,173,1333.4,894.12,SVZ,22,Endothelial,5_173,7_5,65
0,99,1357.2,890.97,Cortex,3,Excitatory neuron,0_99,7_5,65
4,30,1346.7,921.01,Cortex,5,Excitatory neuron,4_30,7_5,65
5,182,1396.7,930.3,SVZ,13,Excitatory neuron,5_182,7_5,65
6,56,1351.3,926.91,Choroid Plexus,1,Endothelial,6_56,7_5,65
5,166,1223.0,855.49,SVZ,22,Endothelial,5_166,7_5,65
6,59,1289.4,998.08,Choroid Plexus,2,Endothelial,6_59,7_5,65
1,48,1388.5,972.1,Cortex,9,Excitatory neuron,1_48,7_5,65
6,54,1240.0,926.09,Choroid Plexus,1,Endothelial,6_54,7_5,65
5,200,1283.5,997.62,SVZ,7,Interneuron,5_200,7_5,65
6,57,1313.2,948.98,Choroid Plexus,8,Astrocytes,6_57,7_5,65
0,101,1308.9,937.98,Cortex,3,Excitatory neuron,0_101,7_5,65
6,71,1344.0,1157.3,Choroid Plexus,1,Endothelial,6_71,7_6,66
3,56,1345.6,1088.2,Cortex,4,Excitatory neuron,3_56,7_6,66
5,23,1249.3,1094.2,SVZ,15,Interneuron,5_23,7_6,66
6,12,1243.9,1107.9,Choroid Plexus,1,Endothelial,6_12,7_6,66
6,14,1241.4,1161.4,Choroid Plexus,1,Endothelial,6_14,7_6,66
1,67,1370.7,1173.5,Cortex,6,Excitatory neuron,1_67,7_6,66
6,64,1390.7,1069.4,Choroid Plexus,2,Endothelial,6_64,7_6,66
3,61,1259.8,1137.3,Cortex,4,Excitatory neuron,3_61,7_6,66
5,238,1314.4,1152.6,SVZ,12,Excitatory neuron,5_238,7_6,66
1,55,1311.8,1064.3,Cortex,3,Excitatory neuron,1_55,7_6,66
6,10,1261.3,1052.6,Choroid Plexus,2,Endothelial,6_10,7_6,66
5,19,1304.6,1037.8,SVZ,21,Excitatory neuron,5_19,7_6,66
1,56,1223.2,1068.7,Cortex,6,Excitatory neuron,1_56,7_6,66
5,241,1383.3,1171.9,SVZ,21,Excitatory neuron,5_241,7_6,66
5,242,1264.2,1188.7,SVZ,14,Astrocytes,5_242,7_6,66
0,24,1378.9,1066.2,Cortex,7,Interneuron,0_24,7_6,66
0,23,1293.3,1054.1,Cortex,2,Endothelial,0_23,7_6,66
5,259,1369.4,1281.2,SVZ,8,Astrocytes,5_259,7_7,67
5,269,1390.7,1330.0,SVZ,8,Astrocytes,5_269,7_7,67
4,45,1389.3,1260.8,Cortex,11,Excitatory neuron,4_45,7_7,67
5,38,1394.3,1222.6,SVZ,17,Excitatory neuron,5_38,7_7,67
5,102,1293.6,1281.9,SVZ,2,Endothelial,5_102,7_7,67
3,69,1227.8,1268.2,Cortex,2,Endothelial,3_69,7_7,67
2,76,1273.9,1232.8,Cortex,25,Oligodendrocytes,2_76,7_7,67
3,68,1354.0,1217.6,Cortex,5,Excitatory neuron,3_68,7_7,67
6,75,1282.9,1233.3,Choroid Plexus,1,Endothelial,6_75,7_7,67
5,39,1332.6,1226.4,SVZ,24,Interneuron,5_39,7_7,67
6,15,1230.4,1286.5,Choroid Plexus,1,Endothelial,6_15,7_7,67
5,265,1340.4,1324.3,SVZ,26,Unannotated,5_265,7_7,67
0,35,1342.6,1294.3,Cortex,2,Endothelial,0_35,7_7,67
0,39,1363.8,1434.1,Cortex,20,Microglia,0_39,7_8,68
5,273,1263.1,1422.6,SVZ,15,Interneuron,5_273,7_8,68
6,18,1269.7,1373.6,Choroid Plexus,1,Endothelial,6_18,7_8,68
0,38,1272.8,1436.4,Cortex,2,Endothelial,0_38,7_8,68
6,106,1344.3,1429.5,Choroid Plexus,1,Endothelial,6_106,7_8,68
6,81,1278.7,1487.1,Choroid Plexus,1,Endothelial,6_81,7_8,68
2,33,1281.7,1370.7,Cortex,13,Excitatory neuron,2_33,7_8,68
5,272,1338.9,1394.3,SVZ,19,Astrocytes,5_272,7_8,68
4,56,1352.4,1463.7,Cortex,4,Excitatory neuron,4_56,7_8,68
3,82,1297.3,1513.0,Cortex,19,Astrocytes,3_82,7_8,68
1,86,1241.1,1416.5,Cortex,2,Endothelial,1_86,7_8,68
1,83,1326.7,1369.9,Cortex,13,Excitatory neuron,1_83,7_8,68
6,82,1368.5,1494.7,Choroid Plexus,2,Endothelial,6_82,7_8,68
6,80,1295.1,1433.7,Choroid Plexus,1,Endothelial,6_80,7_8,68
3,93,1219.8,1647.5,Cortex,5,Excitatory neuron,3_93,7_9,69
2,56,1371.3,1629.1,Cortex,2,Endothelial,2_56,7_9,69
6,24,1331.7,1548.7,Choroid Plexus,2,Endothelial,6_24,7_9,69
6,30,1256.8,1668.7,Choroid Plexus,1,Endothelial,6_30,7_9,69
0,116,1336.0,1556.2,Cortex,2,Endothelial,0_116,7_9,69
0,118,1383.3,1777.0,Cortex,10,Astrocytes,0_118,7_10,70
2,44,1327.8,1779.7,Cortex,18,Excitatory neuron,2_44,7_10,70
1,1,1378.7,1786.5,Cortex,3,Excitatory neuron,1_1,7_10,70
0,66,1561.7,242.0,Cortex,20,Microglia,0_66,8_1,71
5,117,1544.4,254.09,SVZ,12,Excitatory neuron,5_117,8_1,71
2,45,1507.3,242.2,Cortex,16,Oligodendrocytes,2_45,8_1,71
5,118,1507.1,298.37,SVZ,15,Interneuron,5_118,8_1,71
3,3,1495.3,205.83,Cortex,2,Endothelial,3_3,8_1,71
0,64,1458.0,207.93,Cortex,3,Excitatory neuron,0_64,8_1,71
5,54,1462.6,224.22,SVZ,15,Interneuron,5_54,8_1,71
2,48,1415.4,428.59,Cortex,5,Excitatory neuron,2_48,8_2,72
4,8,1535.8,411.86,Cortex,2,Endothelial,4_8,8_2,72
5,127,1534.4,434.05,SVZ,14,Astrocytes,5_127,8_2,72
2,46,1522.7,378.56,Cortex,11,Excitatory neuron,2_46,8_2,72
5,122,1518.6,367.08,SVZ,11,Excitatory neuron,5_122,8_2,72
1,22,1512.5,313.9,Cortex,9,Excitatory neuron,1_22,8_2,72
6,33,1503.9,441.39,Choroid Plexus,1,Endothelial,6_33,8_2,72
4,5,1496.1,341.25,Cortex,10,Astrocytes,4_5,8_2,72
5,126,1494.0,425.43,SVZ,8,Astrocytes,5_126,8_2,72
5,123,1571.7,389.54,SVZ,8,Astrocytes,5_123,8_2,72
3,14,1468.1,459.06,Cortex,23,Interneuron,3_14,8_2,72
1,25,1456.6,472.5,Cortex,6,Excitatory neuron,1_25,8_2,72
5,119,1569.1,325.61,SVZ,23,Interneuron,5_119,8_2,72
5,120,1433.7,327.44,SVZ,14,Astrocytes,5_120,8_2,72
0,69,1428.9,334.44,Cortex,3,Excitatory neuron,0_69,8_2,72
5,128,1436.6,441.98,SVZ,12,Excitatory neuron,5_128,8_2,72
4,11,1431.2,506.98,Cortex,2,Endothelial,4_11,8_3,73
2,50,1484.8,523.33,Cortex,19,Astrocytes,2_50,8_3,73
6,91,1494.6,534.57,Choroid Plexus,1,Endothelial,6_91,8_3,73
4,15,1457.3,591.01,Cortex,4,Excitatory neuron,4_15,8_3,73
5,132,1514.1,495.4,SVZ,19,Astrocytes,5_132,8_3,73
5,136,1451.1,530.33,SVZ,19,Astrocytes,5_136,8_3,73
5,131,1446.7,478.94,SVZ,12,Excitatory neuron,5_131,8_3,73
5,72,1416.1,556.32,SVZ,14,Astrocytes,5_72,8_3,73
0,76,1418.1,480.91,Cortex,6,Excitatory neuron,0_76,8_3,73
1,26,1464.7,538.64,Cortex,6,Excitatory neuron,1_26,8_3,73
1,39,1581.2,832.92,Cortex,6,Excitatory neuron,1_39,8_4,74
6,94,1557.5,753.37,Choroid Plexus,1,Endothelial,6_94,8_4,74
3,33,1559.7,768.01,Cortex,11,Excitatory neuron,3_33,8_4,74
2,52,1474.1,692.95,Cortex,13,Excitatory neuron,2_52,8_4,74
1,36,1439.6,704.34,Cortex,9,Excitatory neuron,1_36,8_4,74
4,20,1462.6,694.32,Cortex,4,Excitatory neuron,4_20,8_4,74
3,31,1441.5,790.49,Cortex,10,Astrocytes,3_31,8_4,74
6,3,1462.7,704.52,Choroid Plexus,1,Endothelial,6_3,8_4,74
5,184,1583.8,941.25,SVZ,26,Unannotated,5_184,8_5,75
1,40,1496.8,836.92,Cortex,3,Excitatory neuron,1_40,8_5,75
1,46,1495.1,955.24,Cortex,9,Excitatory neuron,1_46,8_5,75
3,51,1539.6,947.81,Cortex,16,Oligodendrocytes,3_51,8_5,75
0,103,1460.8,940.49,Cortex,3,Excitatory neuron,0_103,8_5,75
5,188,1477.6,954.21,SVZ,22,Endothelial,5_188,8_5,75
6,60,1584.1,994.19,Choroid Plexus,1,Endothelial,6_60,8_5,75
5,194,1547.1,972.6,SVZ,11,Excitatory neuron,5_194,8_5,75
3,52,1473.9,1010.6,Cortex,6,Excitatory neuron,3_52,8_5,75
5,178,1469.7,914.39,SVZ,22,Endothelial,5_178,8_5,75
5,179,1531.2,918.7,SVZ,22,Endothelial,5_179,8_5,75
4,26,1476.8,883.76,Cortex,25,Oligodendrocytes,4_26,8_5,75
0,97,1502.4,839.0,Cortex,3,Excitatory neuron,0_97,8_5,75
5,28,1559.4,1127.3,SVZ,24,Interneuron,5_28,8_6,76
6,61,1437.4,1025.0,Choroid Plexus,1,Endothelial,6_61,8_6,76
6,74,1444.5,1185.8,Choroid Plexus,1,Endothelial,6_74,8_6,76
5,228,1424.4,1111.4,SVZ,14,Astrocytes,5_228,8_6,76
4,33,1511.0,1013.1,Cortex,11,Excitatory neuron,4_33,8_6,76
5,217,1527.9,1075.7,SVZ,21,Excitatory neuron,5_217,8_6,76
1,58,1410.2,1077.8,Cortex,6,Excitatory neuron,1_58,8_6,76
1,52,1555.4,1015.5,Cortex,6,Excitatory neuron,1_52,8_6,76
5,16,1532.6,1019.5,SVZ,8,Astrocytes,5_16,8_6,76
1,69,1443.6,1172.4,Cortex,6,Excitatory neuron,1_69,8_6,76
2,23,1437.8,1046.3,Cortex,4,Excitatory neuron,2_23,8_6,76
5,212,1451.9,1048.5,SVZ,21,Excitatory neuron,5_212,8_6,76
4,38,1457.5,1133.4,Cortex,10,Astrocytes,4_38,8_6,76
4,74,1562.7,1098.3,Cortex,7,Interneuron,4_74,8_6,76
3,57,1487.5,1109.4,Cortex,7,Interneuron,3_57,8_6,76
5,223,1482.1,1092.6,SVZ,8,Astrocytes,5_223,8_6,76
5,215,1406.4,1054.8,SVZ,17,Excitatory neuron,5_215,8_6,76
0,110,1444.0,1139.5,Cortex,7,Interneuron,0_110,8_6,76
6,73,1551.3,1166.4,Choroid Plexus,1,Endothelial,6_73,8_6,76
5,218,1567.9,1075.7,SVZ,21,Excitatory neuron,5_218,8_6,76
6,63,1588.4,1061.8,Choroid Plexus,1,Endothelial,6_63,8_6,76
5,208,1497.0,1036.7,SVZ,8,Astrocytes,5_208,8_6,76
1,63,1534.7,1118.8,Cortex,9,Excitatory neuron,1_63,8_6,76
4,77,1544.0,1241.6,Cortex,4,Excitatory neuron,4_77,8_7,77
5,43,1535.6,1336.0,SVZ,16,Oligodendrocytes,5_43,8_7,77
1,71,1535.1,1200.2,Cortex,6,Excitatory neuron,1_71,8_7,77
5,40,1427.6,1256.0,SVZ,8,Astrocytes,5_40,8_7,77
4,50,1526.8,1335.1,Cortex,5,Excitatory neuron,4_50,8_7,77
5,41,1454.8,1283.7,SVZ,24,Interneuron,5_41,8_7,77
2,90,1411.1,1282.3,Cortex,25,Oligodendrocytes,2_90,8_7,77
5,106,1433.2,1337.3,SVZ,8,Astrocytes,5_106,8_7,77
5,33,1492.0,1194.4,SVZ,17,Excitatory neuron,5_33,8_7,77
5,44,1480.8,1356.5,SVZ,10,Astrocytes,5_44,8_7,77
1,74,1461.1,1280.3,Cortex,3,Excitatory neuron,1_74,8_7,77
2,27,1585.5,1208.9,Cortex,2,Endothelial,2_27,8_7,77
5,45,1565.8,1362.5,SVZ,16,Oligodendrocytes,5_45,8_7,77
3,71,1534.4,1322.1,Cortex,11,Excitatory neuron,3_71,8_7,77
5,35,1576.2,1207.5,SVZ,21,Excitatory neuron,5_35,8_7,77
1,90,1463.2,1454.4,Cortex,13,Excitatory neuron,1_90,8_8,78
6,107,1409.3,1454.2,Choroid Plexus,2,Endothelial,6_107,8_8,78
6,105,1505.3,1409.3,Choroid Plexus,1,Endothelial,6_105,8_8,78
5,274,1414.2,1420.6,SVZ,15,Interneuron,5_274,8_8,78
4,55,1473.4,1441.7,Cortex,4,Excitatory neuron,4_55,8_8,78
3,81,1413.4,1511.1,Cortex,5,Excitatory neuron,3_81,8_8,78
6,79,1425.5,1398.2,Choroid Plexus,1,Endothelial,6_79,8_8,78
2,34,1487.7,1419.8,Cortex,18,Excitatory neuron,2_34,8_8,78
1,105,1536.8,1667.0,Cortex,6,Excitatory neuron,1_105,8_9,79
5,278,1517.5,1548.2,SVZ,14,Astrocytes,5_278,8_9,79
2,42,1473.7,1712.1,Cortex,23,Interneuron,2_42,8_9,79
4,62,1467.0,1663.0,Cortex,2,Endothelial,4_62,8_9,79
4,60,1568.4,1597.5,Cortex,2,Endothelial,4_60,8_9,79
3,88,1413.6,1582.4,Cortex,2,Endothelial,3_88,8_9,79
1,2,1547.5,1805.0,Cortex,18,Excitatory neuron,1_2,8_10,80
3,101,1581.5,1739.0,Cortex,11,Excitatory neuron,3_101,8_10,80
5,55,1640.8,252.21,SVZ,22,Endothelial,5_55,9_1,81
0,65,1738.7,244.68,Cortex,13,Excitatory neuron,0_65,9_1,81
5,56,1609.4,280.49,SVZ,14,Astrocytes,5_56,9_1,81
1,16,1601.6,140.15,Cortex,9,Excitatory neuron,1_16,9_1,81
3,2,1601.5,187.76,Cortex,5,Excitatory neuron,3_2,9_1,81
1,20,1597.6,278.13,Cortex,9,Excitatory neuron,1_20,9_1,81
1,19,1675.2,209.95,Cortex,10,Astrocytes,1_19,9_1,81
5,63,1625.7,369.31,SVZ,22,Endothelial,5_63,9_2,82
2,47,1655.5,403.55,Cortex,11,Excitatory neuron,2_47,9_2,82
6,31,1616.2,395.68,Choroid Plexus,1,Endothelial,6_31,9_2,82
0,72,1623.4,414.97,Cortex,13,Excitatory neuron,0_72,9_2,82
1,24,1606.3,415.85,Cortex,13,Excitatory neuron,1_24,9_2,82
4,13,1669.5,541.34,Cortex,5,Excitatory neuron,4_13,9_3,83
6,35,1643.3,482.6,Choroid Plexus,1,Endothelial,6_35,9_3,83
0,75,1741.8,490.58,Cortex,6,Excitatory neuron,0_75,9_3,83
3,24,1715.2,652.71,Cortex,10,Astrocytes,3_24,9_3,83
0,79,1745.0,572.24,Cortex,3,Excitatory neuron,0_79,9_3,83
2,51,1668.2,564.18,Cortex,18,Excitatory neuron,2_51,9_3,83
3,16,1700.8,538.11,Cortex,16,Oligodendrocytes,3_16,9_3,83
4,16,1748.3,593.4,Cortex,2,Endothelial,4_16,9_3,83
0,80,1617.6,580.99,Cortex,3,Excitatory neuron,0_80,9_3,83
3,104,1596.6,493.4,Cortex,5,Excitatory neuron,3_104,9_3,83
3,22,1599.6,640.47,Cortex,5,Excitatory neuron,3_22,9_3,83
6,48,1682.4,754.92,Choroid Plexus,1,Endothelial,6_48,9_4,84
2,14,1699.3,815.55,Cortex,2,Endothelial,2_14,9_4,84
1,37,1660.6,795.69,Cortex,2,Endothelial,1_37,9_4,84
3,30,1698.0,741.69,Cortex,4,Excitatory neuron,3_30,9_4,84
6,93,1652.9,709.22,Choroid Plexus,1,Endothelial,6_93,9_4,84
0,8,1725.4,764.51,Cortex,7,Interneuron,0_8,9_4,84
5,81,1771.9,695.12,SVZ,1,Endothelial,5_81,9_4,84
3,36,1768.8,803.16,Cortex,4,Excitatory neuron,3_36,9_4,84
5,85,1754.7,795.66,SVZ,1,Endothelial,5_85,9_4,84
5,202,1725.6,1004.9,SVZ,8,Astrocytes,5_202,9_5,85
4,28,1694.6,927.21,Cortex,5,Excitatory neuron,4_28,9_5,85
5,199,1701.5,988.16,SVZ,8,Astrocytes,5_199,9_5,85
0,14,1596.5,918.18,Cortex,3,Excitatory neuron,0_14,9_5,85
6,58,1704.1,983.16,Choroid Plexus,1,Endothelial,6_58,9_5,85
5,195,1599.0,974.21,SVZ,26,Unannotated,5_195,9_5,85
5,198,1670.6,980.93,SVZ,8,Astrocytes,5_198,9_5,85
3,43,1725.6,893.95,Cortex,7,Interneuron,3_43,9_5,85
0,16,1696.0,944.12,Cortex,7,Interneuron,0_16,9_5,85
5,197,1753.9,982.0,SVZ,11,Excitatory neuron,5_197,9_5,85
2,17,1744.9,914.82,Cortex,5,Excitatory neuron,2_17,9_5,85
5,192,1632.8,962.99,SVZ,22,Endothelial,5_192,9_5,85
6,68,1709.9,1117.7,Choroid Plexus,1,Endothelial,6_68,9_6,86
0,29,1751.6,1133.9,Cortex,3,Excitatory neuron,0_29,9_6,86
4,42,1751.0,1181.5,Cortex,5,Excitatory neuron,4_42,9_6,86
5,25,1725.3,1105.9,SVZ,24,Interneuron,5_25,9_6,86
5,209,1764.1,1035.3,SVZ,24,Interneuron,5_209,9_6,86
5,214,1731.5,1055.3,SVZ,21,Excitatory neuron,5_214,9_6,86
6,62,1696.2,1046.5,Choroid Plexus,2,Endothelial,6_62,9_6,86
4,34,1704.5,1072.9,Cortex,2,Endothelial,4_34,9_6,86
5,221,1755.3,1091.1,SVZ,12,Excitatory neuron,5_221,9_6,86
3,64,1612.4,1171.4,Cortex,2,Endothelial,3_64,9_6,86
5,233,1693.7,1142.2,SVZ,12,Excitatory neuron,5_233,9_6,86
5,30,1626.3,1173.6,SVZ,15,Interneuron,5_30,9_6,86
5,99,1627.9,1080.3,SVZ,21,Excitatory neuron,5_99,9_6,86
6,70,1631.6,1126.5,Choroid Plexus,1,Endothelial,6_70,9_6,86
2,22,1623.1,1034.6,Cortex,5,Excitatory neuron,2_22,9_6,86
0,21,1636.6,1029.2,Cortex,3,Excitatory neuron,0_21,9_6,86
0,25,1594.2,1108.4,Cortex,6,Excitatory neuron,0_25,9_6,86
5,229,1604.9,1111.6,SVZ,24,Interneuron,5_229,9_6,86
1,59,1675.7,1086.2,Cortex,7,Interneuron,1_59,9_6,86
5,206,1685.6,1020.6,SVZ,8,Astrocytes,5_206,9_6,86
5,32,1694.5,1179.3,SVZ,12,Excitatory neuron,5_32,9_6,86
5,230,1661.9,1117.9,SVZ,12,Excitatory neuron,5_230,9_6,86
5,205,1625.5,1016.6,SVZ,14,Astrocytes,5_205,9_6,86
3,66,1758.6,1203.5,Cortex,23,Interneuron,3_66,9_7,87
5,253,1651.6,1234.9,SVZ,15,Interneuron,5_253,9_7,87
5,250,1731.2,1216.9,SVZ,21,Excitatory neuron,5_250,9_7,87
5,254,1701.9,1239.7,SVZ,24,Interneuron,5_254,9_7,87
1,78,1737.6,1294.6,Cortex,19,Astrocytes,1_78,9_7,87
6,16,1689.1,1299.6,Choroid Plexus,1,Endothelial,6_16,9_7,87
4,82,1749.5,1407.3,Cortex,5,Excitatory neuron,4_82,9_8,88
4,81,1591.6,1402.9,Cortex,4,Excitatory neuron,4_81,9_8,88
3,77,1609.4,1457.8,Cortex,9,Excitatory neuron,3_77,9_8,88
6,20,1616.0,1384.0,Choroid Plexus,1,Endothelial,6_20,9_8,88
2,36,1620.9,1484.7,Cortex,17,Excitatory neuron,2_36,9_8,88
1,94,1748.9,1504.6,Cortex,19,Astrocytes,1_94,9_8,88
2,54,1734.5,1490.7,Cortex,13,Excitatory neuron,2_54,9_8,88
1,84,1687.2,1392.0,Cortex,10,Astrocytes,1_84,9_8,88
4,87,1727.9,1546.3,Cortex,7,Interneuron,4_87,9_8,88
5,277,1636.4,1504.4,SVZ,14,Astrocytes,5_277,9_8,88
4,83,1638.8,1512.5,Cortex,10,Astrocytes,4_83,9_8,88
4,53,1659.9,1433.7,Cortex,4,Excitatory neuron,4_53,9_8,88
1,102,1625.7,1618.1,Cortex,7,Interneuron,1_102,9_9,89
3,85,1702.9,1550.5,Cortex,18,Excitatory neuron,3_85,9_9,89
2,39,1769.8,1623.7,Cortex,23,Interneuron,2_39,9_9,89
6,84,1755.5,1637.6,Choroid Plexus,2,Endothelial,6_84,9_9,89
1,100,1751.5,1615.1,Cortex,6,Excitatory neuron,1_100,9_9,89
2,55,1652.8,1624.6,Cortex,5,Excitatory neuron,2_55,9_9,89
1,3,1634.0,1890.9,Cortex,6,Excitatory neuron,1_3,9_10,90
0,68,1875.4,249.56,Cortex,6,Excitatory neuron,0_68,10_1,91
1,18,1800.3,206.95,Cortex,13,Excitatory neuron,1_18,10_1,91
2,60,1818.8,303.04,Cortex,18,Excitatory neuron,2_60,10_2,92
0,74,1829.6,471.16,Cortex,3,Excitatory neuron,0_74,10_2,92
2,63,1820.3,432.8,Cortex,5,Excitatory neuron,2_63,10_2,92
0,82,1875.9,589.25,Cortex,6,Excitatory neuron,0_82,10_3,93
5,68,1845.2,511.95,SVZ,1,Endothelial,5_68,10_3,93
5,75,1822.7,601.59,SVZ,1,Endothelial,5_75,10_3,93
1,29,1814.4,557.17,Cortex,23,Interneuron,1_29,10_3,93
0,90,1923.8,695.5,Cortex,3,Excitatory neuron,0_90,10_4,94
3,28,1873.1,727.22,Cortex,5,Excitatory neuron,3_28,10_4,94
0,94,1960.0,814.15,Cortex,7,Interneuron,0_94,10_4,94
5,91,1808.7,889.53,SVZ,1,Endothelial,5_91,10_5,95
3,39,1909.7,851.54,Cortex,5,Excitatory neuron,3_39,10_5,95
0,11,1886.0,844.88,Cortex,3,Excitatory neuron,0_11,10_5,95
0,10,1800.1,854.41,Cortex,3,Excitatory neuron,0_10,10_5,95
5,9,1846.1,960.08,SVZ,1,Endothelial,5_9,10_5,95
0,19,1865.2,1009.6,Cortex,20,Microglia,0_19,10_5,95
1,57,1954.9,1080.9,Cortex,3,Excitatory neuron,1_57,10_6,96
2,75,1904.6,1174.7,Cortex,5,Excitatory neuron,2_75,10_6,96
6,65,1784.9,1081.5,Choroid Plexus,1,Endothelial,6_65,10_6,96
6,69,1789.0,1118.0,Choroid Plexus,1,Endothelial,6_69,10_6,96
6,101,1808.3,1037.9,Choroid Plexus,1,Endothelial,6_101,10_6,96
5,227,1790.6,1111.9,SVZ,17,Excitatory neuron,5_227,10_6,96
5,17,1864.6,1016.9,SVZ,1,Endothelial,5_17,10_6,96
5,207,1792.3,1026.0,SVZ,22,Endothelial,5_207,10_6,96
1,54,1816.8,1062.3,Cortex,9,Excitatory neuron,1_54,10_6,96
4,93,1957.4,1157.5,Cortex,5,Excitatory neuron,4_93,10_6,96
2,79,1936.0,1321.0,Cortex,13,Excitatory neuron,2_79,10_7,97
2,77,1803.1,1234.4,Cortex,23,Interneuron,2_77,10_7,97
1,82,1802.9,1378.6,Cortex,6,Excitatory neuron,1_82,10_8,98
0,117,1794.6,1625.1,Cortex,2,Endothelial,0_117,10_9,99
2,41,1879.2,1640.0,Cortex,23,Interneuron,2_41,10_9,99
3,95,1895.4,1682.8,Cortex,13,Excitatory neuron,3_95,10_9,99
3,89,1781.4,1601.5,Cortex,4,Excitatory neuron,3_89,10_9,99
3,87,1867.0,1560.0,Cortex,4,Excitatory neuron,3_87,10_9,99
3,102,1802.9,1776.8,Cortex,11,Excitatory neuron,3_102,10_10,100
